全国No.,名前,タイプ1,タイプ2,HP,攻撃,防御,特攻,特防,素早,とくせい1,とくせい2,とくせい3,最終進化,未進化,進化,卵G1,卵G2,形態,世代
1,フシギダネ,くさ,どく,45,49,49,65,65,45,しんりょく,,ようりょくそ,×,○,16,怪獣,植物,1,第1世代
2,フシギソウ,くさ,どく,60,62,63,80,80,60,しんりょく,,ようりょくそ,×,×,32,怪獣,植物,2,第1世代
3,フシギバナ,くさ,どく,80,82,83,100,100,80,しんりょく,,ようりょくそ,○,×,,怪獣,植物,☆,第1世代
4,ヒトカゲ,ほのお,,39,52,43,60,50,65,もうか,,サンパワー,×,○,16,怪獣,ドラゴン,1,第1世代
5,リザード,ほのお,,58,64,58,80,65,80,もうか,,サンパワー,×,×,36,怪獣,ドラゴン,2,第1世代
6,リザードン,ほのお,,78,84,78,109,85,100,もうか,,サンパワー,○,×,,怪獣,ドラゴン,☆,第1世代
7,ゼニガメ,みず,,44,48,65,50,64,43,げきりゅう,,あめうけざら,×,○,16,水中1,怪獣,1,第1世代
8,カメール,みず,,59,63,80,65,80,58,げきりゅう,,あめうけざら,×,×,36,水中1,怪獣,2,第1世代
9,カメックス,みず,,59,63,100,85,105,78,げきりゅう,,あめうけざら,○,×,,水中1,怪獣,☆,第1世代
10,キャタピー,むし,,45,30,35,20,20,45,りんぷん,,にげあし,×,○,7,虫,,1,第1世代
11,トランセル,むし,,50,20,55,25,25,30,だっぴ,,だっぴ,×,×,10,虫,,2,第1世代
12,バタフリー,むし,ひこう,60,45,50,80,80,70,ふくがん,,いろめがね,○,×,,虫,,☆,第1世代
13,ビードル,むし,どく,40,35,30,20,20,50,りんぷん,,にげあし,×,○,7,虫,,1,第1世代
14,コクーン,むし,どく,45,25,50,25,25,35,だっぴ,,だっぴ,×,×,10,虫,,2,第1世代
15,スピアー,むし,どく,65,80,80,40,45,80,むしのしらせ,,スナイパー,○,×,,虫,,☆,第1世代
16,ポッポ,ノーマル,ひこう,40,45,40,35,35,56,するどいめ,ちどりあし,はとむね,×,○,18,飛行,,1,第1世代
17,ピジョン,ノーマル,ひこう,63,60,55,50,50,71,するどいめ,ちどりあし,はとむね,×,×,36,飛行,,2,第1世代
18,ピジョット,ノーマル,ひこう,83,80,75,70,70,91,するどいめ,ちどりあし,はとむね,○,×,,飛行,,☆,第1世代
19,コラッタ,ノーマル,,30,56,35,25,35,72,こんじょう,にげあし,はりきり,×,○,20,陸上,,1,第1世代
20,ラッタ,ノーマル,,55,81,60,50,70,97,こんじょう,にげあし,はりきり,○,×,,陸上,,☆,第1世代
21,オニスズメ,ノーマル,ひこう,40,60,30,31,31,70,するどいめ,,スナイパー,×,○,20,飛行,,1,第1世代
22,オニドリル,ノーマル,ひこう,65,90,65,61,61,100,するどいめ,,スナイパー,○,×,,飛行,,☆,第1世代
23,アーボ,どく,,35,60,44,40,54,55,いかく,だっぴ,きんちょうかん,×,○,22,陸上,ドラゴン,1,第1世代
24,アーボック,どく,,60,85,69,65,79,80,いかく,だっぴ,きんちょうかん,○,×,,陸上,ドラゴン,☆,第1世代
25,ピカチュウ,でんき,,35,55,30,50,40,90,せいでんき,,ひらいしん,×,○,雷石,陸上,妖精,1,第1世代
26,ライチュウ,でんき,,60,90,55,90,80,100,せいでんき,,ひらいしん,○,×,,陸上,妖精,☆,第1世代
27,サンド,じめん,,50,75,85,20,30,40,すながくれ,,すなかき,×,○,22,陸上,,1,第1世代
28,サンドパン,じめん,,75,100,110,45,55,65,すながくれ,,すなかき,○,×,,陸上,,☆,第1世代
29,ニドラン♀,どく,,55,47,52,40,40,41,とうそうしん,どくのトゲ,はりきり,×,○,16,陸上,怪獣,1,第1世代
30,ニドリーナ,どく,,70,62,67,55,55,56,とうそうしん,どくのトゲ,はりきり,×,×,月石,未発見,,2,第1世代
31,ニドクイン,どく,じめん,90,82,87,75,85,76,とうそうしん,どくのトゲ,ちからずく,○,×,,未発見,,☆,第1世代
32,ニドラン♂,どく,,46,57,40,40,40,50,とうそうしん,どくのトゲ,はりきり,×,○,16,陸上,怪獣,1,第1世代
33,ニドリーノ,どく,,61,72,57,55,55,65,とうそうしん,どくのトゲ,はりきり,×,×,月石,陸上,怪獣,2,第1世代
34,ニドキング,どく,じめん,81,92,77,85,75,85,とうそうしん,どくのトゲ,ちからずく,○,×,,陸上,怪獣,☆,第1世代
35,ピッピ,ノーマル,,70,45,48,60,65,35,マジックガード,メロメロボディ,フレンドガード,×,○,月石,妖精,,1,第1世代
36,ピクシー,ノーマル,,95,70,73,85,90,60,マジックガード,メロメロボディ,てんねん,○,×,,妖精,,☆,第1世代
37,ロコン,ほのお,,38,41,40,50,65,65,もらいび,,ひでり,×,○,炎石,陸上,,1,第1世代
38,キュウコン,ほのお,,73,76,75,81,100,100,もらいび,,ひでり,○,×,,陸上,,☆,第1世代
39,プリン,ノーマル,,115,45,20,45,25,20,メロメロボディ,,フレンドガード,×,○,月石,妖精,,1,第1世代
40,プクリン,ノーマル,,140,70,45,75,50,45,メロメロボディ,,おみとおし,○,×,,妖精,,☆,第1世代
41,ズバット,どく,ひこう,40,45,35,30,40,55,せいしんりょく,,すりぬけ,×,○,22,飛行,,1,第1世代
42,ゴルバット,どく,ひこう,75,80,70,85,75,40,せいしんりょく,,すりぬけ,×,×,なつき,飛行,,2,第1世代
43,ナゾノクサ,どく,くさ,45,50,55,75,65,30,ようりょくそ,,にげあし,×,○,21,植物,,1,第1世代
44,クサイハナ,どく,くさ,60,65,70,85,75,40,ようりょくそ,,あくしゅう,×,×,草石,植物,,2,第1世代
45,ラフレシア,どく,くさ,75,80,85,100,90,50,ようりょくそ,,ほうし,○,×,,植物,,☆,第1世代
46,パラス,むし,くさ,35,70,55,45,55,25,かんそうはだ,ほうし,しめりけ,×,○,24,虫,植物,1,第1世代
47,パラセクト,むし,くさ,60,95,80,60,80,30,かんそうはだ,ほうし,しめりけ,○,×,,虫,植物,☆,第1世代
48,コンパン,むし,どく,60,55,50,40,55,45,いろめがね,ふくがん,にげあし,×,○,31,虫,,1,第1世代
49,モルフォン,むし,どく,70,65,60,90,75,90,いろめがね,ふくがん,にげあし,○,×,,虫,,☆,第1世代
50,ディグダ,じめん,,10,55,25,35,45,95,すながくれ,ありじごく,すなのちから,×,○,26,陸上,,1,第1世代
51,ダグトリオ,じめん,,35,80,50,50,70,120,すながくれ,ありじごく,すなのちから,○,×,,陸上,,☆,第1世代
52,ニャース,ノーマル,,40,45,35,40,40,90,テクニシャン,ものひろい,きんちょうかん,×,○,28,陸上,,1,第1世代
53,ペルシアン,ノーマル,,65,70,60,65,65,115,テクニシャン,じゅうなん,きんちょうかん,○,×,,陸上,,☆,第1世代
54,コダック,みず,,50,52,48,65,50,55,しめりけ,ノーてんき,すいすい,×,○,33,陸上,水中1,1,第1世代
55,ゴルダック,みず,,80,82,78,95,80,85,しめりけ,ノーてんき,すいすい,○,×,,陸上,水中1,☆,第1世代
56,マンキー,かくとう,,40,80,35,35,45,70,やるき,いかりのつぼ,まけんき,×,○,28,陸上,,1,第1世代
57,オコリザル,かくとう,,65,105,60,60,70,95,やるき,いかりのつぼ,まけんき,○,×,,陸上,,☆,第1世代
58,ガーディ,ほのお,,55,70,45,70,50,60,いかく,もらいび,せいぎのこころ,×,○,炎石,陸上,,1,第1世代
59,ウインディ,ほのお,,90,110,80,100,80,95,いかく,もらいび,せいぎのこころ,○,×,,陸上,,☆,第1世代
60,ニョロモ,みず,,40,50,40,40,40,90,ちょすい,しめりけ,すいすい,×,○,25,水中1,,1,第1世代
61,ニョロゾ,みず,,65,65,65,50,50,90,ちょすい,しめりけ,すいすい,×,×,水石,水中1,,2,第1世代
62,ニョロボン,みず,かくとう,90,85,95,70,90,70,ちょすい,しめりけ,すいすい,○,×,,水中1,,☆,第1世代
63,ケーシィ,エスパー,,25,20,15,105,55,90,シンクロ,せいしんりょく,マジックガード,×,○,16,人型,,1,第1世代
64,ユンゲラー,エスパー,,40,35,30,120,70,105,シンクロ,せいしんりょく,マジックガード,×,×,通信交換,人型,,2,第1世代
65,フーディン,エスパー,,55,50,45,135,85,120,シンクロ,せいしんりょく,マジックガード,○,×,,人型,,☆,第1世代
66,ワンリキー,かくとう,,70,80,50,35,35,35,こんじょう,ノーガード,ふくつのこころ,×,○,28,人型,,1,第1世代
67,ゴーリキー,かくとう,,80,100,70,50,60,45,こんじょう,ノーガード,ふくつのこころ,×,×,通信交換,人型,,2,第1世代
68,カイリキー,かくとう,,90,130,80,65,85,55,こんじょう,ノーガード,ふくつのこころ,○,×,,人型,,☆,第1世代
69,マダツボミ,くさ,どく,50,75,35,70,30,45,ようりょくそ,,くいしんぼう,×,○,21,植物,,1,第1世代
70,ウツドン,くさ,どく,65,90,50,85,45,55,ようりょくそ,,くいしんぼう,×,×,草石,植物,,2,第1世代
71,ウツボット,くさ,どく,80,105,65,100,60,70,ようりょくそ,,くいしんぼう,○,×,,植物,,☆,第1世代
72,メノクラゲ,みず,どく,40,40,35,50,100,70,クリアボディ,ヘドロえき,あめうけざら,×,○,30,水中3,,1,第1世代
73,ドククラゲ,みず,どく,80,70,65,80,120,100,クリアボディ,ヘドロえき,あめうけざら,○,×,,水中3,,☆,第1世代
74,イシツブテ,いわ,じめん,40,80,100,30,30,20,いしあたま,がんじょう,すながくれ,×,○,25,鉱物,,1,第1世代
75,ゴローン,いわ,じめん,55,95,115,45,45,35,いしあたま,がんじょう,すながくれ,×,×,通信交換,鉱物,,2,第1世代
76,ゴローニャ,いわ,じめん,80,110,130,55,65,90,いしあたま,がんじょう,すながくれ,○,×,,鉱物,,☆,第1世代
77,ポニータ,ほのお,,50,85,55,65,65,90,もらいび,にげあし,ほのおのからだ,×,○,40,陸上,,1,第1世代
78,ギャロップ,ほのお,,65,100,70,80,80,105,もらいび,にげあし,ほのおのからだ,○,×,,陸上,,☆,第1世代
79,ヤドン,みず,エスパー,90,65,65,40,40,15,マイペース,どんかん,さいせいりょく,×,○,37,水中1,怪獣,1,第1世代
80,ヤドラン,みず,エスパー,95,75,110,100,80,30,マイペース,どんかん,さいせいりょく,○,×,,水中1,怪獣,☆,第1世代
81,コイル,でんき,はがね,25,35,70,95,55,45,じりょく,がんじょう,アナライズ,×,○,30,鉱物,性別不明,1,第1世代
82,レアコイル,でんき,はがね,50,60,95,120,70,70,じりょく,がんじょう,アナライズ,×,×,特殊,鉱物,性別不明,2,第1世代
83,カモネギ,ノーマル,ひこう,52,65,55,58,62,60,するどいめ,せいしんりょく,まけんき,○,○,,陸上,飛行,☆,第1世代
84,ドードー,ノーマル,ひこう,35,85,45,35,35,75,はやおき,にげあし,ちどりあし,×,○,31,飛行,,1,第1世代
85,ドードリオ,ノーマル,ひこう,60,110,70,60,60,100,はやおき,にげあし,ちどりあし,○,×,,飛行,,☆,第1世代
86,パウワウ,みず,,65,45,55,45,70,45,あついしぼう,うるおいボディ,アイスボディ,×,○,34,陸上,水中1,1,第1世代
87,ジュゴン,みず,こおり,90,70,80,70,95,70,あついしぼう,うるおいボディ,アイスボディ,○,×,,陸上,水中1,☆,第1世代
88,ベトベター,どく,,80,80,50,40,50,25,あくしゅう,ねんちゃく,どくしゅ,×,○,38,不定形,,1,第1世代
89,ベトベトン,どく,,105,105,75,65,100,50,あくしゅう,ねんちゃく,どくしゅ,○,×,,不定形,,☆,第1世代
90,シェルダー,みず,,30,65,100,45,25,40,スキルリンク,シェルアーマー,ぼうじん,×,○,水石,水中3,,1,第1世代
91,パルシェン,みず,こおり,50,95,180,85,45,70,スキルリンク,シェルアーマー,ぼうじん,○,×,,水中3,,☆,第1世代
92,ゴース,ゴースト,どく,30,35,35,100,35,80,ふゆう,,,×,○,25,不定形,,1,第1世代
93,ゴースト,ゴースト,どく,45,50,45,115,55,95,ふゆう,,,×,×,通信交換,不定形,,2,第1世代
94,ゲンガー,ゴースト,どく,60,65,60,130,75,110,ふゆう,,,○,×,,不定形,,☆,第1世代
95,イワーク,いわ,じめん,35,45,160,30,45,70,いしあたま,がんじょう,くだけるよろい,×,○,特殊通信,鉱物,,1,第1世代
96,スリープ,エスパー,,60,48,45,42,90,42,ふみん,よちむ,せいしんりょく,×,○,26,人型,,1,第1世代
97,スリーパー,エスパー,,85,73,70,73,115,67,ふみん,よちむ,せいしんりょく,○,×,,人型,,☆,第1世代
98,クラブ,みず,,30,105,90,25,25,50,かいりきバサミ,シェルアーマー,ちからずく,×,○,28,水中3,,1,第1世代
99,キングラー,みず,,55,130,115,50,50,75,かいりきバサミ,シェルアーマー,ちからずく,○,×,,水中3,,☆,第1世代
100,ビリリダマ,でんき,,40,30,50,55,55,100,ぼうおん,せいでんき,ゆうばく,×,○,30,鉱物,性別不明,1,第1世代
101,マルマイン,でんき,,60,50,70,80,80,140,ぼうおん,せいでんき,ゆうばく,○,×,,鉱物,性別不明,☆,第1世代
102,タマタマ,くさ,エスパー,60,40,80,60,45,40,ようりょくそ,,しゅうかく,×,○,草石,植物,,1,第1世代
103,ナッシー,くさ,エスパー,95,95,85,125,65,55,ようりょくそ,,しゅうかく,○,×,,植物,,☆,第1世代
104,カラカラ,じめん,,50,50,95,40,50,35,いしあたま,ひらいしん,カブトアーマー,×,○,28,怪獣,,1,第1世代
105,ガラガラ,じめん,,60,80,110,50,80,45,いしあたま,ひらいしん,カブトアーマー,○,×,,怪獣,,☆,第1世代
106,サワムラー,かくとう,,50,120,53,35,110,87,すてみ,じゅうなん,かるわざ,○,×,,人型,,☆,第1世代
107,エビワラー,かくとう,,50,105,79,36,110,76,てつのこぶし,するどいめ,せいしんりょく,○,×,,人型,,☆,第1世代
108,ベロリンガ,ノーマル,,90,55,75,35,110,87,マイペース,どんかん,ノーてんき,×,○,技進化,怪獣,,1,第1世代
109,ドガース,どく,,40,64,94,60,45,35,ふゆう,,,×,○,35,不定形,,1,第1世代
110,マタドガス,どく,,65,90,120,85,70,60,ふゆう,,,○,×,,不定形,,☆,第1世代
111,サイホーン,じめん,いわ,80,85,95,30,30,25,いしあたま,ひらいしん,すてみ,×,○,42,陸上,怪獣,1,第1世代
112,サイドン,じめん,いわ,105,130,120,45,45,40,いしあたま,ひらいしん,すてみ,×,×,特殊通信,陸上,怪獣,2,第1世代
113,ラッキー,ノーマル,,250,5,5,35,105,50,てんのめぐみ,しぜんかいふく,いやしのこころ,×,○,なつき,妖精,,1,第1世代
114,モンジャラ,くさ,,65,55,115,100,40,60,リーフガード,ようりょくそ,さいせいりょく,×,○,技進化,植物,,1,第1世代
115,ガルーラ,ノーマル,,105,95,80,40,80,90,きもったま,はやおき,せいしんりょく,○,○,,怪獣,,☆,第1世代
116,タッツー,みず,,30,40,70,70,25,60,スナイパー,すいすい,しめりけ,×,○,32,水中1,ドラゴン,1,第1世代
117,シードラ,みず,,55,65,95,95,45,85,スナイパー,どくのトゲ,しめりけ,×,×,特殊通信,水中1,ドラゴン,2,第1世代
118,トサキント,みず,,45,67,60,35,50,63,みずのベール,すいすい,ひらいしん,×,○,33,水中2,,1,第1世代
119,アズマオウ,みず,,80,92,65,65,80,68,みずのベール,すいすい,ひらいしん,○,×,,水中2,,☆,第1世代
120,ヒトデマン,みず,,30,45,55,70,55,85,しぜんかいふく,はっこう,アナライズ,×,○,水石,水中3,性別不明,1,第1世代
121,スターミー,みず,エスパー,60,75,85,100,85,115,しぜんかいふく,はっこう,アナライズ,○,×,,水中3,性別不明,☆,第1世代
122,バリヤード,エスパー,,40,45,65,100,120,90,フィルター,ぼうおん,テクニシャン,○,○,,人型,,☆,第1世代
123,ストライク,むし,ひこう,70,110,80,55,80,105,むしのしらせ,テクニシャン,ふくつのこころ,×,○,特殊通信,虫,,1,第1世代
124,ルージュラ,エスパー,,65,59,35,115,95,95,どんかん,よちむ,かんそうはだ,○,○,,,,☆,第1世代
125,エレブー,でんき,,65,83,57,95,85,105,せいでんき,,やるき,×,○,特殊通信,人型,,1,第1世代
126,ブーバー,ほのお,,65,95,57,100,85,93,ほのおのからだ,,やるき,×,○,特殊通信,人型,,1,第1世代
127,カイロス,むし,,65,125,100,55,70,85,かたやぶり,かいりきバサミ,じしんかじょう,○,○,,虫,,☆,第1世代
128,ケンタロス,ノーマル,,75,100,95,40,70,110,いかく,いかりのつぼ,ちからずく,○,○,,陸上,,☆,第1世代
129,コイキング,みず,,20,10,55,15,20,80,すいすい,,びびり,×,○,20,水中2,ドラゴン,1,第1世代
130,ギャラドス,みず,ひこう,95,125,79,60,100,81,いかく,,じしんかじょう,○,×,,水中2,ドラゴン,☆,第1世代
131,ラプラス,みず,こおり,130,85,50,54,95,60,ちょすい,シェルアーマー,うるおいボディ,○,○,,水中1,怪獣,☆,第1世代
132,メタモン,ノーマル,,48,48,48,48,48,48,じゅうなん,,かわりもの,○,○,,メタモン,性別不明,☆,第1世代
133,イーブイ,ノーマル,,55,55,50,45,65,55,ていおうりょく,にげあし,きけんよち,○,○,,陸上,,1,第1世代
134,シャワーズ,みず,,130,65,50,110,95,65,ちょすい,,うるおいボディ,×,×,水石,陸上,,☆,第1世代
135,サンダース,でんき,,65,65,60,110,95,130,ちくでん,,はやあし,×,×,雷石,陸上,,☆,第1世代
136,ブースター,ほのお,,65,130,60,95,110,65,もらいび,,こんじょう,×,×,炎石,陸上,,☆,第1世代
137,ポリゴン,ノーマル,,65,60,70,85,75,40,ダウンロード,トレース,アナライズ,×,○,特殊通信,鉱物,,1,第1世代
138,オムナイト,いわ,みず,35,40,100,90,55,40,シェルアーマー,すいすい,くだけるよろい,×,○,40,水中1,,1,第1世代
139,オムスター,いわ,みず,70,60,125,115,70,55,シェルアーマー,すいすい,くだけるよろい,○,×,,水中1,,☆,第1世代
140,カブト,いわ,みず,30,80,90,55,45,55,カブトアーマー,すいすい,くだけるよろい,×,○,40,水中1,水中3,1,第1世代
141,カブトプス,いわ,みず,60,115,105,65,70,80,カブトアーマー,すいすい,くだけるよろい,○,×,,水中1,水中3,☆,第1世代
142,プテラ,いわ,ひこう,80,105,65,60,75,130,いしあたま,プレッシャー,きんちょうかん,○,○,,飛行,,☆,第1世代
143,カビゴン,ノーマル,,160,110,65,65,110,30,あついしぼう,めんえき,くいしんぼう,○,○,,怪獣,,☆,第1世代
144,フリーザー,こおり,ひこう,90,85,100,95,125,85,プレッシャー,,ゆきがくれ,○,○,,未発見,性別不明,準伝説,第1世代
145,サンダー,でんき,ひこう,90,90,85,125,90,100,プレッシャー,,ひらいしん,○,○,,未発見,性別不明,準伝説,第1世代
146,ファイヤー,ほのお,ひこう,90,100,90,125,85,90,プレッシャー,,ほのおのからだ,○,○,,未発見,性別不明,準伝説,第1世代
147,ミニリュウ,ドラゴン,,41,64,45,50,50,50,だっぴ,,ふしぎなうろこ,×,○,30,水中1,ドラゴン,1,第1世代
148,ハクリュウ,ドラゴン,,61,84,65,70,70,70,だっぴ,,ふしぎなうろこ,×,×,55,水中1,ドラゴン,2,第1世代
149,カイリュー,ドラゴン,ひこう,91,134,95,100,100,80,せいしんりょく,,マルチスケイル,○,×,,水中1,ドラゴン,☆,第1世代
150,ミュウツー,エスパー,,106,110,90,154,90,130,プレッシャー,,きんちょうかん,○,○,,未発見,,伝説・幻,第1世代
151,ミュウ,エスパー,,100,100,100,100,100,100,シンクロ,,,○,○,,未発見,,伝説・幻,第1世代
152,チコリータ,くさ,,45,49,65,49,65,45,しんりょく,,リーフガード,×,○,16,怪獣,植物,1,第2世代
153,ベイリーフ,くさ,,60,62,80,63,80,60,しんりょく,,リーフガード,×,×,32,怪獣,植物,2,第2世代
154,メガニウム,くさ,,80,82,100,83,100,80,しんりょく,,リーフガード,○,×,,怪獣,植物,☆,第2世代
155,ヒノアラシ,ほのお,,39,52,43,60,50,55,もうか,,もらいび,×,○,14,陸上,,1,第2世代
156,マグマラシ,ほのお,,58,64,58,80,65,80,もうか,,もらいび,×,×,36,陸上,,2,第2世代
157,バクフーン,ほのお,,78,84,78,109,85,100,もうか,,もらいび,○,×,,陸上,,☆,第2世代
158,ワニノコ,みず,,50,65,64,44,48,43,げきりゅう,,ちからずく,×,○,18,水中1,怪獣,1,第2世代
159,アリゲイツ,みず,,65,80,80,59,63,58,げきりゅう,,ちからずく,×,×,30,水中1,怪獣,2,第2世代
160,オーダイル,みず,,65,105,100,79,83,78,げきりゅう,,ちからずく,○,×,,水中1,怪獣,☆,第2世代
161,オタチ,ノーマル,,35,46,34,35,45,20,するどいめ,,にげあし,×,○,15,陸上,,1,第2世代
162,オオタチ,ノーマル,,85,76,64,45,55,90,するどいめ,,にげあし,○,×,,陸上,,☆,第2世代
163,ホーホー,ノーマル,ひこう,60,30,30,36,56,50,ふみん,するどいめ,いろめがね,×,○,20,飛行,,1,第2世代
164,ヨルノズク,ノーマル,ひこう,100,50,50,76,96,70,ふみん,するどいめ,いろめがね,○,×,,飛行,,☆,第2世代
165,レディバ,むし,ひこう,40,20,30,40,80,55,むしのしらせ,はやおき,びびり,×,○,18,虫,,1,第2世代
166,レディアン,むし,ひこう,55,35,50,55,110,85,むしのしらせ,はやおき,てつのこぶし,○,×,,虫,,☆,第2世代
167,イトマル,むし,どく,40,60,40,40,40,30,むしのしらせ,ふみん,スナイパー,×,○,22,虫,,1,第2世代
168,アリアドス,むし,どく,70,90,70,60,60,40,むしのしらせ,ふみん,スナイパー,○,×,,虫,,☆,第2世代
169,クロバット,どく,ひこう,85,90,80,70,80,130,せいしんりょく,,すりぬけ,○,×,,飛行,,☆,第2世代
170,チョンチー,みず,でんき,75,38,38,56,56,67,ちくでん,はっこう,ちょすい,×,○,27,水中2,,1,第2世代
171,ランターン,みず,でんき,125,58,58,76,76,67,ちくでん,はっこう,ちょすい,○,×,,水中2,,☆,第2世代
172,ピチュー,でんき,,20,40,25,35,35,60,せいでんき,,ひらいしん,×,○,なつき,未発見,,B,第2世代
173,ピィ,ノーマル,,50,25,28,45,55,15,マジックガード,メロメロボディ,フレンドガード,×,○,なつき,未発見,,B,第2世代
174,ププリン,ノーマル,,90,30,15,40,20,15,メロメロボディ,,フレンドガード,×,○,なつき,未発見,,B,第2世代
175,トゲピー,ノーマル,,35,20,65,40,65,20,てんのめぐみ,はりきり,きょううん,×,○,なつき,未発見,,1,第2世代
176,トゲチック,ノーマル,ひこう,55,40,85,80,105,40,てんのめぐみ,はりきり,きょううん,×,○,光石,飛行,妖精,1,第2世代
177,ネイティ,エスパー,ひこう,40,50,45,70,45,70,シンクロ,はやおき,マジックミラー,×,○,25,飛行,,1,第2世代
178,ネイティオ,エスパー,ひこう,65,75,70,95,70,95,シンクロ,はやおき,マジックミラー,○,×,,飛行,,☆,第2世代
179,メリープ,でんき,,55,40,40,65,45,35,せいでんき,,プラス,×,○,15,陸上,怪獣,1,第2世代
180,モココ,でんき,,70,55,55,80,60,45,せいでんき,,プラス,×,×,30,陸上,怪獣,2,第2世代
181,デンリュウ,でんき,,90,75,75,115,90,55,せいでんき,,プラス,○,×,,陸上,怪獣,☆,第2世代
182,キレイハナ,くさ,,75,80,85,90,100,50,ようりょくそ,,いやしのこころ,○,×,,植物,,☆,第2世代
183,マリル,みず,,70,20,50,20,50,40,ちからもち,あついしぼう,そうしょく,×,○,18,水中1,妖精,1,第2世代
184,マリルリ,みず,,100,50,80,50,80,50,ちからもち,あついしぼう,そうしょく,○,×,,水中1,妖精,☆,第2世代
185,ウソッキー,いわ,,70,100,115,30,65,30,いしあたま,がんじょう,びびり,○,○,,鉱物,,☆,第2世代
186,ニョロトノ,みず,,90,75,75,90,100,70,ちょすい,しめりけ,あめふらし,○,×,,水中1,,☆,第2世代
187,ハネッコ,くさ,ひこう,35,35,40,35,55,50,リーフガード,ようりょくそ,すりぬけ,×,○,18,妖精,植物,1,第2世代
188,ポポッコ,くさ,ひこう,55,45,50,45,65,80,リーフガード,ようりょくそ,すりぬけ,×,×,27,妖精,植物,2,第2世代
189,ワタッコ,くさ,ひこう,75,55,70,55,85,110,リーフガード,ようりょくそ,すりぬけ,○,×,,妖精,植物,☆,第2世代
190,エイパム,ノーマル,,55,70,55,40,55,85,ものひろい,にげあし,スキルリンク,×,○,技進化,陸上,,1,第2世代
191,ヒマナッツ,くさ,,30,30,30,30,30,30,サンパワー,ようりょくそ,はやおき,×,○,太陽石,植物,,1,第2世代
192,キマワリ,くさ,,75,75,55,105,85,30,サンパワー,ようりょくそ,はやおき,○,×,,植物,,☆,第2世代
193,ヤンヤンマ,むし,ひこう,65,65,45,75,45,95,ふくがん,かそく,おみとおし,×,○,技進化,虫,,1,第2世代
194,ウパー,みず,じめん,55,45,45,25,25,15,ちょすい,しめりけ,てんねん,×,○,20,陸上,水中1,1,第2世代
195,ヌオー,みず,じめん,95,85,85,65,65,35,ちょすい,しめりけ,てんねん,○,×,,陸上,水中1,☆,第2世代
196,エーフィ,エスパー,,65,65,60,130,95,110,シンクロ,,マジックミラー,×,×,なつき昼,陸上,,☆,第2世代
197,ブラッキー,あく,,95,65,110,60,130,65,シンクロ,,せいしんりょく,×,×,なつき夜,陸上,,☆,第2世代
198,ヤミカラス,あく,ひこう,60,85,42,85,42,91,きょううん,ふみん,いたずらごころ,×,○,闇石,飛行,,1,第2世代
199,ヤドキング,みず,エスパー,95,75,80,100,110,30,マイペース,どんかん,さいせいりょく,○,×,,水中1,怪獣,☆,第2世代
200,ムウマ,ゴースト,,60,60,60,85,85,85,ふゆう,,,×,○,闇石,不定形,,1,第2世代
201,アンノーン,エスパー,,48,72,48,72,48,48,ふゆう,,,○,○,,性別不明,未発見,☆,第2世代
202,ソーナンス,エスパー,,190,33,58,33,58,33,かげふみ,,テレパシー,○,○,,不定形,,☆,第2世代
203,キリンリキ,ノーマル,エスパー,70,80,65,90,65,85,せいしんりょく,はやおき,そうしょく,○,○,,陸上,,☆,第2世代
204,クヌギダマ,むし,,50,65,90,35,35,15,がんじょう,,ぼうじん,×,○,31,虫,,1,第2世代
205,フォレトス,むし,はがね,75,90,140,60,60,40,がんじょう,,ぼうじん,○,×,,虫,,☆,第2世代
206,ノコッチ,ノーマル,,100,70,70,65,65,45,てんのめぐみ,にげあし,びびり,○,○,,陸上,,☆,第2世代
207,グライガー,じめん,ひこう,65,75,105,35,65,85,かいりきバサミ,すながくれ,めんえき,×,○,特殊,虫,,1,第2世代
208,ハガネール,はがね,じめん,75,85,200,55,65,30,いしあたま,がんじょう,ちからずく,○,×,,鉱物,,☆,第2世代
209,ブルー,ノーマル,,60,80,50,40,40,30,いかく,にげあし,びびり,×,○,23,陸上,妖精,1,第2世代
210,グランブル,ノーマル,,90,120,75,60,60,45,いかく,にげあし,びびり,○,×,,陸上,妖精,☆,第2世代
211,ハリーセン,みず,どく,65,95,75,55,55,85,どくのトゲ,すいすい,いかく,○,○,,水中2,,☆,第2世代
212,ハッサム,むし,はがね,70,130,100,55,80,65,むしのしらせ,テクニシャン,ライトメタル,○,×,,虫,,☆,第2世代
213,ツボツボ,むし,いわ,20,10,230,10,230,5,がんじょう,くいしんぼう,あまのじゃく,○,○,,虫,,☆,第2世代
214,ヘラクロス,むし,かくとう,80,125,75,40,95,85,むしのしらせ,こんじょう,じしんかじょう,○,○,,虫,,☆,第2世代
215,ニューラ,あく,こおり,55,95,55,35,75,115,せいしんりょく,するどいめ,わるいてぐせ,×,○,特殊,陸上,,1,第2世代
216,ヒメグマ,ノーマル,,60,80,50,50,50,40,ものひろい,はやあし,みつあつめ,×,○,30,陸上,,1,第2世代
217,リングマ,ノーマル,,90,130,75,75,75,55,こんじょう,はやあし,きんちょうかん,○,×,,陸上,,☆,第2世代
218,マグマッグ,ほのお,,40,40,40,70,40,20,マグマのよろい,ほのおのからだ,くだけるよろい,×,○,38,不定形,,1,第2世代
219,マグカルコ,ほのお,いわ,50,50,120,80,80,30,マグマのよろい,ほのおのからだ,くだけるよろい,○,×,,不定形,,☆,第2世代
220,ウリムー,こおり,じめん,50,50,40,30,30,50,ゆきがくれ,どんかん,あついしぼう,×,○,33,陸上,,1,第2世代
221,イノムー,こおり,じめん,100,100,80,60,60,50,ゆきがくれ,どんかん,あついしぼう,×,×,技進化,陸上,,2,第2世代
222,サニーゴ,みず,いわ,55,55,85,65,85,35,はりきり,しぜんかいふく,さいせいりょく,○,○,,水中1,水中3,☆,第2世代
223,テッポウオ,みず,,35,65,35,65,35,65,スナイパー,はりきり,ムラっけ,×,○,25,水中1,水中2,1,第2世代
224,オクタン,みず,,75,105,75,105,75,45,スナイパー,きゅうばん,ムラっけ,○,×,,水中1,水中2,☆,第2世代
225,デリバード,こおり,ひこう,45,55,45,65,45,75,はりきり,やるき,ふみん,○,○,,陸上,,☆,第2世代
226,マンタイン,みず,ひこう,65,40,70,80,140,70,ちょすい,すいすい,みずのベール,○,○,,水中1,,☆,第2世代
227,エアームド,はがね,ひこう,65,80,140,40,70,70,するどいめ,がんじょう,くだけるよろい,○,○,,飛行,,☆,第2世代
228,デルビル,あく,ほのお,45,60,30,80,50,65,もらいび,はやおき,きんちょうかん,×,○,24,陸上,,1,第2世代
229,ヘルガー,あく,ほのお,75,90,50,110,80,95,もらいび,はやおき,きんちょうかん,○,×,,陸上,,☆,第2世代
230,キングドラ,みず,ドラゴン,75,95,95,95,95,85,スナイパー,すいすい,しめりけ,○,×,,水中1,ドラゴン,☆,第2世代
231,ゴマゾウ,じめん,,90,60,60,40,40,40,ものひろい,,すながくれ,×,○,25,陸上,,1,第2世代
232,ドンファン,じめん,,90,120,120,60,60,50,がんじょう,,すながくれ,○,×,,陸上,,☆,第2世代
233,ポリゴン2,ノーマル,,85,80,90,105,95,60,ダウンロード,トレース,アナライズ,×,×,特殊通信,鉱物,性別不明,2,第2世代
234,オドシシ,ノーマル,,73,95,62,85,65,85,いかく,おみとおし,そうしょく,○,○,,陸上,,☆,第2世代
235,ドーブル,ノーマル,,55,20,35,20,45,75,テクニシャン,マイペース,ムラっけ,○,○,,陸上,,☆,第2世代
236,バルキー,かくとう,,35,35,35,35,35,35,こんじょう,ふくつのこころ,やるき,×,○,20(特殊),未発見,,1,第2世代
237,カポエラー,かくとう,,50,95,95,35,110,70,いかく,テクニシャン,ふくつのこころ,○,×,,人型,,☆,第2世代
238,ムチュール,こおり,エスパー,45,30,15,85,65,65,どんかん,よちむ,うるおいボディ,×,○,30,未発見,,B,第2世代
239,エレキッド,でんき,,45,63,37,65,55,95,せいでんき,,やるき,×,○,30,未発見,,B,第2世代
240,ブビィ,ほのお,,45,75,37,70,55,83,ほのおのからだ,,やるき,×,○,30,未発見,,B,第2世代
241,ミルタンク,ノーマル,,95,80,105,40,70,100,きもったま,あついしぼう,そうしょく,○,○,,陸上,,☆,第2世代
242,ハピナス,ノーマル,,255,10,10,75,135,55,てんのめぐみ,しぜんかいふく,いやしのこころ,○,×,,妖精,,☆,第2世代
243,ライコウ,でんき,,90,85,75,115,100,115,プレッシャー,,ちくでん,○,○,,性別不明,未発見,準伝説,第2世代
244,エンテイ,ほのお,,115,115,85,90,57,100,プレッシャー,,ちょすい,○,○,,性別不明,未発見,準伝説,第2世代
245,スイクン,みず,,100,75,115,90,75,100,プレッシャー,,もらいび,○,○,,性別不明,未発見,準伝説,第2世代
246,ヨーギラス,いわ,じめん,50,64,50,54,50,41,こんじょう,,すながくれ,×,○,30,怪獣,,1,第2世代
247,サナギラス,いわ,じめん,70,84,70,65,70,51,だっぴ,,だっぴ,×,×,55,怪獣,,2,第2世代
248,バンギラス,いわ,あく,100,134,110,95,100,61,すなおこし,,きんちょうかん,○,×,,怪獣,,☆,第2世代
249,ルギア,エスパー,ひこう,106,90,130,90,154,110,プレッシャー,,マルチスケイル,○,○,,性別不明,未発見,伝説・幻,第2世代
250,ホウオウ,ほのお,ひこう,106,130,90,110,154,90,プレッシャー,,さいせいりょく,○,○,,性別不明,未発見,伝説・幻,第2世代
251,セレビィ,エスパー,くさ,100,100,100,100,100,100,しぜんかいふく,,,○,○,,性別不明,未発見,伝説・幻,第3世代
252,キモリ,くさ,,40,45,35,65,55,70,しんりょく,,かるわざ,×,○,16,怪獣,ドラゴン,1,第3世代
253,ジュプトル,くさ,,50,65,45,85,65,95,しんりょく,,かるわざ,×,×,36,怪獣,ドラゴン,2,第3世代
254,ジュカイン,くさ,,70,85,65,105,85,120,しんりょく,,かるわざ,○,×,,怪獣,ドラゴン,☆,第3世代
255,アチャモ,ほのお,,45,60,40,70,50,45,もうか,,かそく,×,○,16,陸上,,1,第3世代
256,ワカシャモ,ほのお,かくとう,60,85,60,85,60,55,もうか,,かそく,×,×,36,陸上,,2,第3世代
257,バシャーモ,ほのお,かくとう,60,120,70,110,70,80,もうか,,かそく,○,×,,陸上,,☆,第3世代
258,ミズゴロウ,みず,,50,70,50,50,50,40,げきりゅう,,しめりけ,×,○,16,怪獣,水中1,1,第3世代
259,ヌマクロー,みず,じめん,70,85,70,60,70,50,げきりゅう,,しめりけ,×,×,36,怪獣,水中2,2,第3世代
260,ラグラージ,みず,じめん,100,110,90,85,90,60,げきりゅう,,しめりけ,○,×,,怪獣,水中3,☆,第3世代
261,ポチエナ,あく,,35,55,35,30,30,35,はやあし,にげあし,びびり,×,○,18,陸上,,1,第3世代
262,グラエナ,あく,,70,90,70,60,60,70,いかく,はやあし,じしんかじょう,○,×,,陸上,,☆,第3世代
263,ジグザグマ,ノーマル,,38,30,41,30,41,60,くいしんぼう,ものひろい,はやあし,×,○,20,陸上,,1,第3世代
264,マッスグマ,ノーマル,,78,70,61,50,61,100,くいしんぼう,ものひろい,はやあし,○,×,,陸上,,☆,第3世代
265,ケムッソ,むし,,45,45,35,20,30,20,りんぷん,,にげあし,×,○,7,虫,,1,第3世代
266,カラサリス,むし,,50,35,55,25,25,15,だっぴ,,だっぴ,×,×,10,虫,,2,第3世代
267,アゲハント,むし,ひこう,60,70,50,90,50,65,むしのしらせ,,とうそうしん,○,×,,虫,,☆,第3世代
268,マユルド,むし,,50,35,55,25,25,15,だっぴ,,だっぴ,×,×,10,虫,,2,第3世代
269,ドクケイル,むし,どく,60,50,70,50,90,65,むしのしらせ,,とうそうしん,○,×,,虫,,☆,第3世代
270,ハスボー,みず,くさ,40,30,30,40,50,30,あめうけざら,すいすい,マイペース,×,○,14,水中1,植物,1,第3世代
271,ハスブレロ,みず,くさ,60,50,50,60,70,50,あめうけざら,すいすい,マイペース,×,×,水石,水中2,植物,2,第3世代
272,ルンパッパ,みず,くさ,80,70,70,90,100,70,あめうけざら,すいすい,マイペース,○,×,,水中3,植物,☆,第3世代
273,タネボー,くさ,,40,40,50,30,30,30,はやおき,ようりょくそ,わるいてぐせ,×,○,14,陸上,植物,1,第3世代
274,コノハナ,くさ,あく,70,70,40,60,40,60,はやおき,ようりょくそ,わるいてぐせ,×,×,草石,陸上,植物,2,第3世代
275,ダーテング,くさ,あく,90,100,60,90,60,80,はやおき,ようりょくそ,わるいてぐせ,○,×,,陸上,植物,☆,第3世代
276,スバメ,ノーマル,ひこう,40,55,30,30,30,85,こんじょう,,きもったま,×,○,22,飛行,,1,第3世代
277,オオスバメ,ノーマル,ひこう,60,85,60,50,50,125,こんじょう,,きもったま,○,×,,飛行,,☆,第3世代
278,キャモメ,みず,ひこう,40,30,30,55,30,85,するどいめ,,あめうけざら,×,○,25,水中1,飛行,1,第3世代
279,ペリッパー,みず,ひこう,60,50,100,85,70,65,するどいめ,,あめうけざら,○,×,,水中2,飛行,☆,第3世代
280,ラルトス,エスパー,,28,25,25,45,35,40,シンクロ,トレース,テレパシー,×,○,20,不定形,,1,第3世代
281,キルリア,エスパー,,38,35,35,65,55,50,シンクロ,トレース,テレパシー,×,×,30,不定形,,2,第3世代
282,サーナイト,エスパー,,68,65,65,125,115,80,シンクロ,トレース,テレパシー,○,×,,不定形,,☆,第3世代
283,アメタマ,むし,みず,40,30,32,50,52,65,すいすい,,あめうけざら,×,○,22,水中1,虫,1,第3世代
284,アメモース,むし,ひこう,70,60,62,80,82,60,いかく,,きんちょうかん,○,×,,水中2,虫,☆,第3世代
285,キノココ,くさ,,60,40,60,40,60,35,ポイズンヒール,ほうし,はやあし,×,○,23,妖精,植物,1,第3世代
286,キノガッサ,くさ,かくとう,60,130,80,60,60,70,ポイズンヒール,ほうし,テクニシャン,○,×,,妖精,植物,☆,第3世代
287,ナマケロ,ノーマル,,60,60,60,35,35,30,なまけ,,,×,○,18,陸上,,1,第3世代
288,ヤルキモノ,ノーマル,,80,80,80,55,55,90,やるき,,,×,×,36,陸上,,2,第3世代
289,ケッキング,ノーマル,,150,160,110,95,65,100,なまけ,,,○,×,,陸上,,☆,第3世代
290,ツチニン,むし,じめん,31,45,90,30,30,40,ふくがん,,にげあし,×,○,20,虫,,1,第3世代
291,テッカニン,むし,ひこう,61,90,45,50,50,160,かそく,,すりぬけ,○,×,,虫,,☆,第3世代
292,ヌケニン,むし,ゴースト,1,90,45,30,30,40,ふしぎなまもり,,ふしぎなまもり,×,×,特殊,性別不明,,☆,第3世代
293,ゴニョニョ,ノーマル,,64,51,23,51,23,28,ぼうおん,,びびり,×,○,20,怪獣,陸上,1,第3世代
294,ドゴーム,ノーマル,,84,71,43,71,43,48,ぼうおん,,きもったま,×,×,40,怪獣,陸上,2,第3世代
295,バクオング,ノーマル,,104,91,63,91,63,68,ぼうおん,,きもったま,○,×,,怪獣,陸上,☆,第3世代
296,マクノシタ,かくとう,,72,60,30,20,30,25,こんじょう,あついしぼう,ちからずく,×,○,24,人型,,1,第3世代
297,ハリテヤマ,かくとう,,144,120,60,40,60,50,こんじょう,あついしぼう,ちからずく,○,○,,人型,,☆,第3世代
298,ルリリ,ノーマル,,50,20,40,20,40,20,ちからもち,あついしぼう,そうしょく,○,○,,未発見,,B,第3世代
299,ノズパス,いわ,,39,45,135,45,90,30,がんじょう,じりょく,すなのちから,×,○,特殊場所,鉱物,,1,第3世代
300,エネコ,ノーマル,,50,45,45,35,35,50,ノーマルスキン,メロメロボディ,ミラクルスキン,×,○,光石,陸上,妖精,1,第3世代
301,エネコロロ,ノーマル,,70,65,65,55,55,70,ノーマルスキン,メロメロボディ,ミラクルスキン,○,×,,陸上,妖精,☆,第3世代
302,ヤミラミ,あく,ゴースト,50,75,75,65,65,50,するどいめ,あとだし,いたずらごころ,○,○,,人型,,☆,第3世代
303,クチート,はがね,,50,85,85,55,55,50,いかく,かいりきバサミ,ちからずく,○,○,,陸上,妖精,☆,第3世代
304,ココドラ,はがね,いわ,50,70,100,40,40,30,いしあたま,がんじょう,ヘヴィメタル,×,○,32,怪獣,,1,第3世代
305,コドラ,はがね,いわ,60,90,140,50,50,40,いしあたま,がんじょう,ヘヴィメタル,×,×,42,怪獣,,2,第3世代
306,ボスコドラ,はがね,いわ,70,110,180,60,60,50,いしあたま,がんじょう,ヘヴィメタル,○,×,,怪獣,,☆,第3世代
307,アサナン,かくとう,エスパー,30,40,55,40,55,60,ヨガパワー,,テレパシー,×,○,37,人型,,1,第3世代
308,チャーレム,かくとう,エスパー,60,60,75,60,75,80,ヨガパワー,,テレパシー,○,×,,人型,,☆,第3世代
309,ラクライ,でんき,,40,45,40,65,40,65,せいでんき,ひらいしん,マイナス,×,○,26,陸上,,1,第3世代
310,ライボルト,でんき,,70,75,60,105,60,105,せいでんき,ひらいしん,マイナス,○,×,,陸上,,☆,第3世代
311,プラスル,でんき,,60,50,40,85,75,95,プラス,,,○,○,,妖精,,☆,第3世代
312,マイナン,でんき,,60,40,50,75,85,95,マイナス,,,○,○,,妖精,,☆,第3世代
313,バルビート,むし,,65,73,55,47,75,85,むしのしらせ,はっこう,いたずらごころ,○,○,,虫,人型,☆,第3世代
314,イルミーゼ,むし,,65,47,55,73,75,85,いろめがね,どんかん,いたずらごころ,○,○,,虫,人型,☆,第3世代
315,ロゼリア,くさ,,50,60,45,100,80,65,しぜんかいふく,どくのトゲ,リーフガード,×,○,光石,妖精,植物,1,第3世代
316,ゴクリン,どく,,70,43,53,43,53,40,ヘドロえき,ねんちゃく,くいしんぼう,×,○,26,不定形,,1,第3世代
317,マルノーム,どく,,100,73,83,73,83,55,ヘドロえき,ねんちゃく,くいしんぼう,○,×,,不定形,,☆,第3世代
318,キバニア,みず,あく,45,90,20,65,20,65,さめはだ,,かそく,×,○,30,水中2,,1,第3世代
319,サメハダー,みず,あく,70,120,40,95,40,95,さめはだ,,かそく,○,○,,水中2,,☆,第3世代
320,ホエルコ,みず,,130,70,35,70,35,60,みずのベール,どんかん,プレッシャー,×,○,40,陸上,水中２,1,第3世代
321,ホエルオー,みず,,170,90,45,90,45,60,みずのベール,どんかん,プレッシャー,○,×,,陸上,水中３,☆,第3世代
322,ドンメル,ほのお,じめん,60,60,40,65,45,35,たんじゅん,どんかん,マイペース,×,○,33,陸上,,1,第3世代
323,バクーダ,ほのお,じめん,70,100,70,105,75,40,ハードロック,マグマのよろい,いかりのつぼ,○,○,,陸上,,☆,第3世代
324,コータス,ほのお,,70,85,140,85,70,20,しろいけむり,,シェルアーマー,○,○,,陸上,,☆,第3世代
325,バネブー,エスパー,,60,25,35,70,80,60,あついしぼう,マイペース,くいしんぼう,×,○,32,陸上,,1,第3世代
326,ブーピック,エスパー,,80,45,65,90,110,80,あついしぼう,マイペース,くいしんぼう,○,×,,陸上,,☆,第3世代
327,パッチール,ノーマル,,60,60,60,60,60,60,マイペース,ちどりあし,あまのじゃく,○,○,,陸上,人型,☆,第3世代
328,ナックラー,じめん,,45,100,45,45,45,10,かいりきバサミ,ありじごく,ちからずく,×,○,35,虫,,1,第3世代
329,ビブラーバ,じめん,ドラゴン,50,70,50,50,50,70,ふゆう,,ふゆう,×,×,45,虫,,2,第3世代
330,フライゴン,じめん,ドラゴン,80,100,80,80,80,100,ふゆう,,ふゆう,○,×,,虫,,☆,第3世代
331,サボネア,くさ,,50,85,40,85,40,35,すながくれ,,ちょすい,×,○,32,植物,人型,1,第3世代
332,ノクタス,くさ,あく,70,115,60,115,60,55,すながくれ,,ちょすい,○,×,,植物,人型,☆,第3世代
333,チルット,ノーマル,ひこう,45,40,60,40,75,50,しぜんかいふく,,ノーてんき,×,○,35,飛行,ドラゴン,1,第3世代
334,チルタリス,ノーマル,ひこう,75,70,90,70,105,80,しぜんかいふく,,ノーてんき,○,×,,飛行,ドラゴン,☆,第3世代
335,サングース,ノーマル,,73,115,60,60,60,90,めんえき,,どくぼうそう,○,○,,陸上,,☆,第3世代
336,ハブネーク,どく,,73,100,60,100,60,65,だっぴ,,すりぬけ,○,○,,陸上,ドラゴン,☆,第3世代
337,ルナトーン,いわ,エスパー,70,55,65,95,85,70,ふゆう,,,○,○,,性別不明,,☆,第3世代
338,ソルロック,いわ,エスパー,70,95,85,55,65,70,ふゆう,,,○,○,,性別不明,,☆,第3世代
339,ドジョッチ,みず,じめん,50,48,43,46,41,60,どんかん,きけんよち,うるおいボディ,×,○,30,水中2,,1,第3世代
340,ナマズン,みず,じめん,110,78,73,76,71,60,どんかん,きけんよち,うるおいボディ,○,×,,水中2,,☆,第3世代
341,ヘイガニ,みず,,43,80,65,50,35,35,かいりきバサミ,シェルアーマー,てきおうりょく,×,○,30,水中1,水中3,1,第3世代
342,シザリガー,みず,あく,63,120,85,90,55,55,かいりきバサミ,シェルアーマー,てきおうりょく,○,×,,水中1,水中3,☆,第3世代
343,ヤジロン,じめん,エスパー,40,40,55,40,70,55,ふゆう,,,×,○,36,性別不明,,1,第3世代
344,ネンドール,じめん,エスパー,60,70,105,70,120,75,ふゆう,,,○,×,,性別不明,,☆,第3世代
345,リリーラ,いわ,くさ,66,41,77,61,87,23,きゅうばん,,よびみず,×,○,40,水中3,,1,第3世代
346,ユレイドル,いわ,くさ,86,81,97,81,107,43,きゅうばん,,よびみず,○,×,,水中3,,☆,第3世代
347,アノプス,いわ,むし,45,95,50,40,50,75,カブトアーマー,,すいすい,×,○,40,水中3,,1,第3世代
348,アーマルド,いわ,むし,75,125,100,70,80,45,カブトアーマー,,すいすい,○,×,,水中3,,☆,第3世代
349,ヒンバス,みず,,20,15,20,10,55,80,すいすい,,てきおうりょく,×,○,特殊通信,水中1,ドラゴン,1,第3世代
350,ミロカロス,みず,,95,60,79,100,125,81,ふしぎなうろこ,,メロメロボディ,○,×,,水中1,ドラゴン,☆,第3世代
351,ポワルン,ノーマル,,70,70,70,70,70,70,てんきや,,,○,○,,妖精,不定形,☆,第3世代
352,カクレオン,ノーマル,,60,90,70,60,120,40,へんしょく,,,○,○,,陸上,,☆,第3世代
353,カゲボウズ,ゴースト,,44,75,35,63,33,45,ふみん,おみとおし,のろわれボディ,×,○,37,不定形,,1,第3世代
354,ジュペッタ,ゴースト,,64,115,65,83,63,65,ふみん,おみとおし,のろわれボディ,○,×,,不定形,,☆,第3世代
355,ヨマワル,ゴースト,,20,40,90,30,90,25,ふゆう,,,×,○,37,不定形,,1,第3世代
356,サマヨール,ゴースト,,40,70,130,60,130,25,プレッシャー,,,×,×,特殊通信,不定形,,2,第3世代
357,トロピウス,くさ,ひこう,99,68,83,72,87,51,サンパワー,ようりょくそ,しゅうかく,○,×,,怪獣,植物,☆,第3世代
358,チリーン,エスパー,,65,50,70,95,80,65,ふゆう,,,○,○,,不定形,,☆,第3世代
359,アブソル,あく,,65,130,60,75,60,75,きょううん,プレッシャー,せいぎのこころ,○,○,,陸上,,☆,第3世代
360,ソーナノ,エスパー,,95,23,48,23,48,23,かげふみ,,テレパシー,×,○,15,不定形,,B,第3世代
361,ユキワラシ,こおり,,50,50,50,50,50,50,せいしんりょく,アイスボディ,ムラっけ,×,○,42/覚石,妖精,鉱物,1,第3世代
362,オニゴーリ,こおり,,80,80,80,80,80,80,せいしんりょく,アイスボディ,ムラっけ,○,×,,妖精,鉱物,☆,第3世代
363,タマザラシ,こおり,みず,70,40,50,55,50,25,あついしぼう,アイスボディ,どんかん,×,○,32,水中1,陸上,1,第3世代
364,トドグラー,こおり,みず,90,60,70,75,70,45,あついしぼう,アイスボディ,どんかん,×,×,42,水中1,陸上,2,第3世代
365,トドゼルガ,こおり,みず,110,80,90,95,90,65,あついしぼう,アイスボディ,どんかん,○,×,,水中1,陸上,☆,第3世代
366,パールル,みず,,35,64,85,74,55,65,シェルアーマー,,びびり,×,○,特殊通信,水中1,,1,第3世代
367,ハンテール,みず,,55,104,105,94,75,52,すいすい,,みずのベール,○,×,,水中1,,☆,第3世代
368,サクラビス,みず,,55,84,105,114,75,52,すいすい,,うるおいボディ,○,×,,水中1,,☆,第3世代
369,ジーランス,みず,いわ,100,90,130,45,65,55,いしあたま,,ちからずく,○,○,,水中1,水中2,☆,第3世代
370,ラブカス,みず,,43,30,55,40,65,97,すいすい,,うるおいボディ,○,○,,水中2,,☆,第3世代
371,タツベイ,ドラゴン,,45,75,60,40,30,50,いしあたま,,ちからずく,×,○,30,ドラゴン,,1,第3世代
372,コモルー,ドラゴン,,65,95,100,60,50,50,いしあたま,,ぼうじん,×,×,50,ドラゴン,,2,第3世代
373,ボーマンダ,ドラゴン,ひこう,95,135,80,110,80,100,いかく,,じしんかじょう,○,×,,ドラゴン,,☆,第3世代
374,ダンバル,はがね,エスパー,40,55,80,35,60,30,クリアボディ,,ライトメタル,×,○,20,性別不明,,1,第3世代
375,メタング,はがね,エスパー,60,75,100,55,80,100,クリアボディ,,ライトメタル,×,×,45,性別不明,,2,第3世代
376,メタグロス,はがね,エスパー,80,135,130,95,90,70,クリアボディ,,ライトメタル,○,×,,性別不明,,☆,第3世代
377,レジロック,いわ,,80,100,200,50,100,50,クリアボディ,,がんじょう,○,○,,性別不明,未発見,準伝説,第3世代
378,レジアイス,こおり,,80,50,100,100,200,50,クリアボディ,,アイスボディ,○,○,,性別不明,未発見,準伝説,第3世代
379,レジスチル,はがね,,80,75,150,75,150,50,クリアボディ,,ライトメタル,○,○,,性別不明,未発見,準伝説,第3世代
380,ラティアス,ドラゴン,エスパー,80,80,90,110,130,110,ふゆう,,,○,○,,未発見,,準伝説,第3世代
381,ラティオス,ドラゴン,エスパー,80,90,80,130,110,110,ふゆう,,,○,○,,未発見,,準伝説,第3世代
382,カイオーガ,みず,,100,100,90,150,140,90,あめふらし,,,○,○,,未発見,,伝説・幻,第3世代
383,グラードン,じめん,,100,150,140,100,90,90,ひでり,,,○,○,,未発見,,伝説・幻,第3世代
384,レックウザ,ドラゴン,ひこう,105,150,90,150,90,95,エアロック,,,○,○,,未発見,,伝説・幻,第3世代
385,ジラーチ,はがね,エスパー,100,100,100,100,100,100,てんのめぐみ,,,○,○,,未発見,,伝説・幻,第3世代
386,デオキシス,エスパー,,50,150,50,150,50,150,プレッシャー,,,○,○,,未発見,,伝説・幻,第3世代
386.1,デオキシスS,エスパー,,50,95,90,95,90,180,,,,○,○,,,,伝説・幻,第3世代
386.2,デオキシスA,エスパー,,50,180,20,180,20,150,,,,○,○,,,,伝説・幻,第3世代
386.3,デオキシスD,エスパー,,50,70,160,70,160,90,,,,○,○,,,,伝説・幻,第4世代
387,ナエトル,くさ,,55,68,64,45,55,31,しんりょく,,シェルアーマー,×,○,18,怪獣,植物,1,第4世代
388,ハヤシガメ,くさ,,75,89,85,55,65,36,しんりょく,,シェルアーマー,×,×,32,怪獣,植物,2,第4世代
389,ドダイトス,くさ,じめん,95,109,105,75,85,56,しんりょく,,シェルアーマー,○,×,,怪獣,植物,☆,第4世代
390,ヒコザル,ほのお,,44,58,44,58,44,61,もうか,,てつのこぶし,×,○,14,陸上,人型,1,第4世代
391,モウカザル,ほのお,かくとう,64,78,52,78,52,81,もうか,,てつのこぶし,×,×,36,陸上,人型,2,第4世代
392,ゴウカザル,ほのお,かくとう,76,104,71,104,71,108,もうか,,てつのこぶし,○,×,,陸上,人型,☆,第4世代
393,ポッチャマ,みず,,55,51,53,61,56,40,げきりゅう,,まけんき,×,○,16,水中1,陸上,1,第4世代
394,ポッタイシ,みず,,64,66,68,81,76,50,げきりゅう,,まけんき,×,×,36,水中１,陸上,2,第4世代
395,エンペルト,みず,はがね,84,86,88,111,101,60,げきりゅう,,まけんき,○,×,,水中１,陸上,☆,第4世代
396,ムックル,ノーマル,ひこう,40,55,30,30,30,60,するどいめ,,するどいめ,×,○,14,飛行,,1,第4世代
397,ムクバード,ノーマル,ひこう,55,75,50,40,40,80,いかく,,すてみ,×,×,34,飛行,,2,第4世代
398,ムクホーク,ノーマル,ひこう,85,120,70,50,50,100,いかく,,すてみ,○,×,,飛行,,☆,第4世代
399,ビッパ,ノーマル,,59,45,40,35,40,31,たんじゅん,てんねん,ムラっけ,×,○,15,水中１,陸上,1,第4世代
400,ビーダル,ノーマル,みず,79,85,60,55,60,71,たんじゅん,てんねん,ムラっけ,○,×,,水中１,陸上,☆,第4世代
401,コロボーシ,むし,,37,25,41,25,41,25,だっぴ,,にげあし,×,○,10,虫,,1,第4世代
402,コロトック,むし,,77,85,51,55,51,65,むしのしらせ,,テクニシャン,○,×,,虫,,☆,第4世代
403,コリンク,でんき,,45,65,34,40,34,45,いかく,とうそうしん,こんじょう,×,○,15,陸上,,1,第4世代
404,ルクシオ,でんき,,60,85,49,60,49,60,いかく,とうそうしん,こんじょう,×,×,30,陸上,,2,第4世代
405,レントラー,でんき,,80,120,79,95,79,70,いかく,とうそうしん,こんじょう,○,×,,陸上,,☆,第4世代
406,スボミー,くさ,どく,40,30,35,50,70,55,しぜんかいふく,どくのトゲ,リーフガード,×,○,光石,未発見,,1,第4世代
407,ロズレイド,くさ,どく,60,70,55,125,105,90,しぜんかいふく,どくのトゲ,テクニシャン,○,×,,妖精,植物,☆,第4世代
408,ズガイドス,いわ,,67,125,40,30,30,58,かたやぶり,,ちからずく,×,○,30,怪獣,,1,第4世代
409,ラムパルド,いわ,,97,165,60,65,50,58,かたやぶり,,ちからずく,○,×,,怪獣,,☆,第4世代
410,タテトプス,いわ,はがね,30,42,118,43,88,30,がんじょう,,ぼうおん,×,○,30,怪獣,,1,第4世代
411,トリデプス,いわ,はがね,60,52,168,47,138,30,がんじょう,,ぼうおん,○,×,,怪獣,,☆,第4世代
412,ミノムッチ,むし,,40,29,45,29,45,36,だっぴ,,ぼうじん,×,○,20(♀のみ),虫,,1,第4世代
413,ミノマダム,むし,くさ,60,59,85,79,105,36,きけんよち,,ぼうじん,×,×,20(♂のみ),虫,,☆,第4世代
414,ガーメイル,むし,ひこう,70,94,50,94,50,66,むしのしらせ,,いろめがね,○,×,,虫,,☆,第4世代
415,ミツハニー,むし,ひこう,30,30,42,30,42,70,みつあつめ,,はりきり,×,○,21(♀のみ),虫,,1,第4世代
416,ビークイン,むし,ひこう,70,80,102,80,102,40,プレッシャー,,きんちょうかん,○,×,,虫,,☆,第4世代
417,パチリス,でんき,,60,45,70,45,90,95,ものひろい,にげあし,ちくでん,○,○,,陸上,妖精,☆,第4世代
418,ブイゼル,みず,,55,65,35,60,30,85,すいすい,,みずのベール,×,○,26,水中１,陸上,1,第4世代
419,フローゼル,みず,,85,105,55,85,50,115,すいすい,,みずのベール,○,×,,水中１,陸上,☆,第4世代
420,チェリンボ,くさ,,45,35,45,62,53,35,ようりょくそ,,,×,○,25,妖精,植物,1,第4世代
421,チェリム,くさ,,70,60,70,87,78,85,フラワーギフト,,,○,×,,妖精,植物,☆,第4世代
422,カラナクシ,みず,,76,48,48,57,62,34,よびみず,ねんちゃく,すなのちから,×,○,30,水中１,不定形,1,第4世代
423,トリトドン,みず,じめん,111,83,68,92,82,39,よびみず,ねんちゃく,すなのちから,○,×,,水中１,不定形,☆,第4世代
424,エテボース,ノーマル,,75,100,66,60,66,115,テクニシャン,ものひろい,スキルリンク,○,×,,陸上,,☆,第4世代
425,フワンテ,ゴースト,ひこう,90,50,34,60,44,70,ゆうばく,かるわざ,ねつぼうそう,×,○,28,不定形,,1,第4世代
426,フワライド,ゴースト,ひこう,150,80,44,90,54,80,ゆうばく,かるわざ,ねつぼうそう,○,×,,不定形,,☆,第4世代
427,ミミロル,ノーマル,,55,66,44,44,56,85,ぶきよう,にげあし,じゅうなん,×,○,なつき,陸上,妖精,1,第4世代
428,ミミロップ,ノーマル,,65,76,84,54,96,105,ぶきよう,メロメロボディ,じゅうなん,○,×,,陸上,妖精,☆,第4世代
429,ムウマージ,ゴースト,,60,60,60,105,105,105,ふゆう,,,○,×,,不定形,,☆,第4世代
430,ドンカラス,あく,ひこう,100,125,52,105,52,71,きょううん,ふみん,じしんかじょう,○,×,,飛行,,☆,第4世代
431,ニャルマー,ノーマル,,49,55,42,42,37,85,じゅうなん,マイペース,するどいめ,×,○,38,陸上,,1,第4世代
432,ブニャット,ノーマル,,71,82,64,64,59,112,あついしぼう,マイペース,まけんき,○,×,,陸上,,☆,第4世代
433,リーシャン,エスパー,,45,30,50,65,50,45,ふゆう,,,○,○,,未発見,,1,第4世代
434,スカンプー,どく,あく,63,63,47,41,41,74,あくしゅう,ゆうばく,するどいめ,×,○,34,陸上,,1,第4世代
435,スカタンク,どく,あく,103,93,67,71,61,84,あくしゅう,ゆうばく,するどいめ,○,×,,陸上,,☆,第4世代
436,ドーミラー,はがね,エスパー,57,24,86,24,86,23,ふゆう,たいねつ,ヘヴィメタル,×,○,33,性別不明,,1,第4世代
437,ドータクン,はがね,エスパー,67,89,116,79,116,33,ふゆう,たいねつ,ヘヴィメタル,○,×,,性別不明,,☆,第4世代
438,ウソハチ,いわ,,50,80,95,10,45,10,いしあたま,がんじょう,びびり,○,○,,未発見,,B,第4世代
439,マネネ,エスパー,,20,25,45,70,90,60,フィルター,ぼうおん,テクニシャン,○,○,,人型,,B,第4世代
440,ピンプク,ノーマル,,100,5,5,15,65,30,てんのめぐみ,しぜんかいふく,フレンドガード,○,○,,未発見,,B,第4世代
441,ペラップ,ノーマル,ひこう,76,65,45,92,42,91,するどいめ,ちどりあし,はとむね,○,○,,未発見,,☆,第4世代
442,ミカルゲ,ゴースト,,50,92,108,92,108,35,プレッシャー,,すりぬけ,○,○,,不定形,,☆,第4世代
443,フカマル,ドラゴン,じめん,58,70,45,40,45,42,すながくれ,,さめはだ,×,○,24,怪獣,ドラゴン,1,第4世代
444,ガバイト,ドラゴン,じめん,68,90,65,50,55,82,すながくれ,,さめはだ,×,×,48,怪獣,ドラゴン,2,第4世代
445,ガブリアス,ドラゴン,じめん,108,130,95,80,85,102,すながくれ,,さめはだ,○,×,,怪獣,ドラゴン,☆,第4世代
446,ゴンベ,ノーマル,,135,85,40,40,85,5,あついしぼう,ものひろい,くいしんぼう,○,○,,未発見,,B,第4世代
447,リオル,かくとう,,40,70,40,35,40,60,せいしんりょく,ふくつのこころ,いたずらごころ,×,○,なつき(朝昼),未発見,,1,第4世代
448,ルカリオ,かくとう,はがね,70,110,70,115,70,90,せいしんりょく,ふくつのこころ,せいぎのこころ,○,×,,陸上,人型,☆,第4世代
449,ヒポポタス,じめん,,68,72,78,38,42,32,すなおこし,,すなのちから,×,○,34,陸上,,1,第4世代
450,カバルドン,じめん,,108,112,118,68,72,47,すなおこし,,すなのちから,○,×,,陸上,,☆,第4世代
451,スコルピ,どく,むし,40,50,90,30,55,65,スナイパー,カブトアーマー,するどいめ,×,○,40,虫,水中3,1,第4世代
452,ドラピオン,どく,あく,70,90,110,60,75,95,スナイパー,カブトアーマー,するどいめ,○,×,,虫,水中3,☆,第4世代
453,グレッグル,どく,かくとう,48,61,40,61,40,50,かんそうはだ,きけんよち,どくしゅ,×,○,37,人型,,1,第4世代
454,ドクロッグ,どく,かくとう,83,106,65,86,65,85,かんそうはだ,きけんよち,どくしゅ,○,×,,人型,,☆,第4世代
455,マスキッパ,くさ,,74,100,72,90,72,46,ふゆう,,,○,○,,植物,,☆,第4世代
456,ケイコウオ,みず,,49,49,56,49,61,66,よびみず,すいすい,みずのベール,×,○,31,水中2,,1,第4世代
457,ネオラント,みず,,69,69,76,69,86,91,よびみず,すいすい,みずのベール,○,×,,水中2,,☆,第4世代
458,タマンタ,みず,ひこう,45,20,50,60,120,50,ちょすい,すいすい,みずのベール,×,○,特殊,未発見,,1,第4世代
459,ユキカブリ,くさ,こおり,60,62,50,62,60,40,ゆきふらし,,ぼうおん,×,○,40,怪獣,植物,1,第4世代
460,ユキノオー,くさ,こおり,90,92,75,92,85,60,ゆきふらし,,ぼうおん,○,×,,怪獣,植物,☆,第4世代
461,マニューラ,あく,こおり,70,120,65,45,85,125,プレッシャー,,わるいてぐせ,×,×,鋭爪(夜),陸上,,☆,第4世代
462,ジバコイル,でんき,はがね,70,70,115,130,90,60,じりょく,がんじょう,アナライズ,×,×,特殊場所,性別不明,,☆,第4世代
463,ベロベルト,ノーマル,,110,85,95,80,95,50,マイペース,どんかん,ノーてんき,×,×,ころがる,怪獣,,☆,第4世代
464,ドサイドン,じめん,いわ,115,140,130,55,55,40,ハードロック,ひらいしん,すてみ,×,×,プロテクター,怪獣,陸上,☆,第4世代
465,モジャンボ,くさ,,100,100,125,110,50,50,リーフガード,ようりょくそ,さいせいりょく,×,×,原始の力,植物,,☆,第4世代
466,エレキブル,でんき,,75,123,67,95,85,95,でんきエンジン,,やるき,×,×,エレキブースター,人型,,☆,第4世代
467,ブーバーン,ほのお,,75,95,67,125,85,95,ほのおのからだ,,やるき,×,×,マグマブースター,人型,,☆,第4世代
468,トゲキッス,ノーマル,ひこう,85,50,95,120,115,80,てんのめぐみ,はりきり,きょううん,×,×,光石,妖精,飛行,☆,第4世代
469,メガヤンマ,むし,ひこう,86,76,86,116,56,95,いろめがね,かそく,おみとおし,×,×,原始の力,虫,,☆,第4世代
470,リーフィア,くさ,,65,110,130,60,65,95,リーフガード,,ようりょくそ,×,×,特殊場所,陸上,,☆,第4世代
471,グレイシア,こおり,,65,60,110,130,95,65,ゆきがくれ,,アイスボディ,×,×,特殊場所,陸上,,☆,第4世代
472,グライオン,じめん,ひこう,75,95,125,45,75,95,かいりきバサミ,すながくれ,ポイズンヒール,×,×,鋭牙(夜),虫,,☆,第4世代
473,マンムー,こおり,じめん,110,130,80,70,60,80,どんかん,ゆきがくれ,あついしぼう,×,×,原始の力,陸上,,☆,第4世代
474,ポリゴンZ,ノーマル,,85,80,70,135,75,90,てきおうりょく,ダウンロード,アナライズ,×,×,怪しいパッチ,性別不明,,☆,第4世代
475,エルレイド,エスパー,かくとう,68,125,65,65,115,80,ふくつのこころ,,せいぎのこころ,×,×,覚醒石(♂のみ),不定形,,☆,第4世代
476,ダイノーズ,いわ,はがね,60,55,145,75,150,40,じりょく,がんじょう,すなのちから,×,×,電気石(レベル),鉱物,,☆,第4世代
477,ヨノワール,ゴースト,,45,100,135,65,135,45,プレッシャー,,,×,×,霊界の布(通信),不定形,,☆,第4世代
478,ユキメノコ,こおり,ゴースト,70,80,70,80,70,110,ゆきがくれ,,のろわれボディ,×,×,覚醒石(♀のみ),妖精,鉱物,☆,第4世代
479,ロトム,でんき,ゴースト,50,50,77,95,77,91,ふゆう,,,○,○,,性別不明,,☆,第4世代
479.4,FCロトム,でんき,,50,65,107,105,107,86,ふゆう,,,○,×,,,,☆,第4世代
480,ユクシー,エスパー,,75,75,130,75,130,95,ふゆう,,,○,○,,未発見,,準伝説,第4世代
481,エムリット,エスパー,,80,105,105,105,105,80,ふゆう,,,○,○,,未発見,,準伝説,第4世代
482,アグノム,エスパー,,75,125,70,125,70,115,ふゆう,,,○,○,,未発見,,準伝説,第4世代
483,ディアルガ,はがね,ドラゴン,100,120,120,150,100,90,プレッシャー,,テレパシー,○,○,,未発見,,伝説・幻,第4世代
484,パルキア,みず,ドラゴン,90,120,100,150,120,100,プレッシャー,,テレパシー,○,○,,未発見,,伝説・幻,第4世代
485,ヒードラン,ほのお,はがね,91,90,106,130,106,77,もらいび,,ほのおのからだ,○,○,,未発見,,準伝説,第4世代
486,レジギガス,ノーマル,,110,160,110,80,110,100,スロースタート,,,○,○,,未発見,,準伝説,第4世代
487,ギラティナ,ゴースト,ドラゴン,150,100,120,100,120,90,プレッシャー,,テレパシー,○,○,,未発見,,伝説・幻,第4世代
487.1,ギラティナO,ゴースト,ドラゴン,150,120,100,120,100,90,,,,○,○,,,,伝説・幻,第4世代
488,クレセリア,エスパー,,120,70,120,75,130,85,ふゆう,,,○,○,,未発見,,準伝説,第4世代
489,フィオネ,みず,,80,80,80,80,80,80,うるおいボディ,,,○,○,,性別不明,,伝説・幻,第4世代
490,マナフィ,みず,,100,100,100,100,100,100,うるおいボディ,,,○,○,,性別不明,,伝説・幻,第4世代
491,ダークライ,あく,,70,90,90,135,90,125,ナイトメア,,,○,○,,未発見,,伝説・幻,第4世代
492,シェイミ,くさ,,100,100,100,100,100,100,しぜんかいふく,,,○,○,,未発見,,伝説・幻,第4世代
492.1,シェイミS,くさ,ひこう,100,103,75,120,75,127,,,,○,○,,,,伝説・幻,第4世代
493,アルセウス,ノーマル,,120,120,120,120,120,120,マルチタイプ,,,○,○,,未発見,,伝説・幻,
494,ビクティニ,エスパー,ほのお,100,100,100,100,100,100,しょうりのほし,,,○,○,,未発見,,伝説・幻,第4世代
495,ツタージャ,くさ,,45,45,55,45,55,63,しんりょく,,,×,○,17,陸上,植物,1,第4世代
496,ジャノビー,くさ,,60,60,75,60,75,83,しんりょく,,,×,×,36,陸上,植物,2,第4世代
497,ジャローダ,くさ,,75,75,95,75,95,113,しんりょく,,,○,×,,陸上,植物,☆,第4世代
498,ポカブ,ほのお,,65,63,45,45,45,45,もうか,,,×,○,17,陸上,,1,第4世代
499,チャオブー,ほのお,かくとう,90,93,55,70,55,55,もうか,,,×,×,36,陸上,,2,第4世代
500,エンブオー,ほのお,かくとう,110,123,65,100,65,65,もうか,,,○,×,,陸上,,☆,第4世代
501,ミジュマル,みず,,55,55,45,63,45,45,げきりゅう,,,×,○,17,陸上,,1,第4世代
502,フタチマル,みず,,75,75,60,83,60,60,げきりゅう,,,×,×,36,陸上,,2,第4世代
503,ダイケンキ,みず,,95,100,85,108,70,70,げきりゅう,,,○,×,,陸上,,☆,第4世代
504,ミネズミ,ノーマル,,45,55,39,35,39,42,にげあし,するどいめ,,×,○,20,陸上,,1,第4世代
505,ミルホッグ,ノーマル,,60,85,69,60,69,77,はっこう,するどいめ,,○,×,,陸上,,☆,第4世代
506,ヨーテリー,ノーマル,,45,60,45,25,45,55,やるき,ものひろい,,×,○,16,陸上,,1,第4世代
507,ハーデリア,ノーマル,,65,80,65,35,65,60,いかく,すなかき,,×,×,32,陸上,,2,第4世代
508,ムーランド,ノーマル,,85,100,90,45,90,80,いかく,すなかき,,○,×,,陸上,,☆,第4世代
509,チョロネコ,あく,,41,50,37,50,37,66,じゅうなん,かるわざ,,×,○,20,陸上,,1,第4世代
510,レパルダス,あく,,64,88,50,88,50,106,じゅうなん,かるわざ,,○,×,,陸上,,☆,第4世代
511,ヤナップ,くさ,,50,53,48,53,48,64,くいしんぼう,,,×,○,草石,陸上,,1,第4世代
512,ヤナッキー,くさ,,75,98,63,98,63,101,くいしんぼう,,,○,×,,陸上,,☆,第4世代
513,バオップ,ほのお,,50,53,48,53,48,64,くいしんぼう,,,×,○,炎石,陸上,,1,第4世代
514,バオッキー,ほのお,,75,98,63,98,63,101,くいしんぼう,,,○,×,,陸上,,☆,第4世代
515,ヒヤップ,みず,,50,53,48,53,48,64,くいしんぼう,,,×,○,水石,陸上,,1,第4世代
516,ヒヤッキー,みず,,75,98,63,98,63,101,くいしんぼう,,,○,×,,陸上,,☆,第4世代
517,ムンナ,エスパー,,76,25,45,67,55,24,よちむ,シンクロ,,×,○,月石,陸上,,1,第4世代
518,ムシャーナ,エスパー,,116,55,85,107,95,29,よちむ,シンクロ,,○,×,,陸上,,☆,第4世代
519,マメパト,ノーマル,ひこう,50,55,50,36,30,43,はとむね,きょううん,,×,○,21,飛行,,1,第4世代
520,ハトーボー,ノーマル,ひこう,62,77,62,50,42,65,はとむね,きょううん,,×,×,32,飛行,,2,第4世代
521,ケンホロウ,ノーマル,ひこう,80,105,80,65,55,93,はとむね,きょううん,,○,×,,飛行,,☆,第4世代
522,シママ,でんき,,45,60,32,50,32,76,ひらいしん,でんきエンジン,,×,○,27,陸上,,1,第4世代
523,ゼブライカ,でんき,,75,100,63,80,63,116,ひらいしん,でんきエンジン,,○,×,,陸上,,☆,第4世代
524,ダンゴロ,いわ,,55,75,85,25,25,15,がんじょう,,,×,○,25,鉱物,,1,第4世代
525,ガントル,いわ,,70,105,105,50,40,20,がんじょう,,,×,×,通信交換,鉱物,,2,第4世代
526,ギガイアス,いわ,,85,135,130,60,70,25,がんじょう,,,○,×,,鉱物,,☆,第4世代
527,コロモリ,エスパー,ひこう,55,45,43,55,43,72,てんねん,ぶきよう,,×,○,なつき,陸上,飛行,1,第4世代
528,ココロモリ,エスパー,ひこう,67,57,55,77,55,114,ぶきよう,,,○,×,,陸上,飛行,☆,第4世代
529,モグリュー,じめん,,60,85,40,30,45,68,すなかき,すなのちから,,×,○,31,陸上,,1,第4世代
530,ドリュウズ,じめん,はがね,110,135,60,50,65,88,すなかき,すなのちから,,○,×,,陸上,,☆,第4世代
531,タブンネ,ノーマル,,103,60,86,60,86,50,いやしのこころ,さいせいりょく,,○,×,,妖精,,☆,第4世代
532,ドッコラー,かくとう,,75,80,55,25,35,35,こんじょう,ちからずく,,×,○,25,人型,,1,第4世代
533,ドテッコツ,かくとう,,85,105,85,40,50,40,こんじょう,ちからずく,,×,×,通信交換,人型,,2,第4世代
534,ローブシン,かくとう,,105,140,95,55,65,45,こんじょう,ちからずく,,○,×,,人型,,☆,第4世代
535,オタマロ,みず,,50,50,40,50,40,64,すいすい,うるおいボディ,,×,○,25,水中1,,1,第4世代
536,ガマガル,みず,じめん,75,65,55,65,55,69,すいすい,うるおいボディ,,×,×,36,水中1,,2,第4世代
537,ガマゲロゲ,みず,じめん,105,85,75,85,75,74,どくしゅ,,,○,×,,水中1,,☆,第4世代
538,ナゲキ,かくとう,,120,100,85,30,85,45,こんじょう,せいしんりょく,,○,○,,人型,,☆,第4世代
539,ダゲキ,かくとう,,75,125,75,30,75,85,がんじょう,せいしんりょく,,○,○,,人型,,☆,第4世代
540,クルミル,むし,くさ,45,53,70,40,60,42,むしのしらせ,ようりょくそ,,×,○,20,虫,,1,第4世代
541,クルマユ,むし,くさ,55,63,90,50,80,42,むしのしらせ,ようりょくそ,,×,×,なつき,虫,,2,第4世代
542,ハハコモリ,むし,くさ,75,103,80,70,70,92,むしのしらせ,ようりょくそ,,○,×,,虫,,☆,第4世代
543,フシデ,むし,どく,30,45,59,30,39,57,どくのトゲ,むしのしらせ,,×,○,22,虫,,1,第4世代
544,ホイーガ,むし,どく,40,55,99,40,79,47,どくのトゲ,むしのしらせ,,×,×,30,虫,,2,第4世代
545,ペンドラー,むし,どく,60,90,89,55,69,112,どくのトゲ,むしのしらせ,,○,×,,虫,,☆,第4世代
546,モンメン,くさ,,40,27,60,37,50,66,いたずらごころ,すりぬけ,,×,○,太陽石,妖精,植物,1,第4世代
547,エルフーン,くさ,,60,67,85,77,75,116,いたずらごころ,すりぬけ,,○,×,,妖精,植物,☆,第4世代
548,チュリネ,くさ,,45,35,50,70,50,30,ようりょくそ,マイペース,,×,○,太陽石,植物,,1,第4世代
549,ドレディア,くさ,,70,60,75,110,75,90,ようりょくそ,マイペース,,○,×,,植物,,☆,第4世代
550,バスラオ,みず,,70,92,65,80,55,98,赤:すてみ/青:いしあたま,てきおうりょく,,○,○,,水中2,,☆,第4世代
551,メグロコ,じめん,あく,50,72,35,35,35,65,いかく,じしんかじょう,,×,○,29,陸上,,1,第4世代
552,ワルビル,じめん,あく,60,82,45,45,45,74,いかく,じしんかじょう,,×,×,40,陸上,,2,第4世代
553,ワルビアル,じめん,あく,95,117,70,65,70,92,いかく,じしんかじょう,,○,×,,陸上,,☆,第4世代
554,ダルマッカ,ほのお,,70,90,45,15,45,50,はりきり,,,×,○,35,陸上,,1,第4世代
555,ヒヒダルマ,ほのお,,105,140,55,30,55,95,ちからずく,ダルマモード,,○,×,,陸上,,☆,第4世代
555,ヒヒダルマ（ダルマモード）,ほのお,エスパー,105,30,105,140,105,55,ちょすい,ようりょくそ,,○,×,,植物,,☆,第4世代
556,マラカッチ,くさ,,75,86,67,106,67,60,,,,○,○,,,,☆,第4世代
557,イシズマイ,むし,いわ,50,65,85,35,35,55,がんじょう,シェルアーマー,,×,○,34,虫,鉱物,1,第4世代
558,イワパレス,むし,いわ,70,95,125,65,75,45,がんじょう,シェルアーマー,,○,×,,虫,鉱物,☆,第4世代
559,ズルッグ,あく,かくとう,50,75,70,35,70,48,だっぴ,じしんかじょう,,×,○,39,陸上,ドラゴン,1,第4世代
560,ズルズキン,あく,かくとう,65,90,115,45,115,58,だっぴ,じしんかじょう,,○,×,,陸上,ドラゴン,☆,第4世代
561,シンボラー,エスパー,ひこう,72,58,80,103,80,97,マジックガード,ミラクルスキン,,○,○,,飛行,,☆,第4世代
562,デスマス,ゴースト,,38,30,85,55,65,30,ミイラ,,,○,○,,鉱物,不定形,1,第4世代
563,デスカーン,ゴースト,,58,50,145,95,105,30,ミイラ,,,○,×,,鉱物,不定形,☆,第4世代
564,プロトーガ,みず,いわ,54,78,103,53,45,22,がんじょう,ハードロック,,×,○,37,水中1,水中3,1,第4世代
565,アバゴーラ,みず,いわ,74,108,133,83,65,32,がんじょう,ハードロック,,○,×,,水中1,水中3,☆,第4世代
566,アーケン,いわ,ひこう,55,112,45,74,45,70,よわき,,,×,○,37,水中3,飛行,1,第4世代
567,アーケオス,いわ,ひこう,75,140,65,112,65,110,よわき,,,○,×,,水中3,飛行,☆,第4世代
568,ヤブクロン,どく,,50,50,62,40,62,65,あくしゅう,ねんちゃく,,○,○,,鉱物,,1,第4世代
569,ダストダス,どく,,80,95,82,60,82,75,あくしゅう,くだけるよろい,,○,×,,鉱物,,☆,第4世代
570,ゾロア,あく,,40,65,40,80,40,65,イリュージョン,,,×,○,30,陸上,,1,第4世代
571,ゾロアーク,あく,,60,105,60,120,60,105,イリュージョン,,,○,×,,陸上,,☆,第4世代
572,チラーミィ,ノーマル,,55,50,40,40,40,75,メロメロボディ,テクニシャン,,×,○,光石,陸上,,1,第4世代
573,チラチーノ,ノーマル,,75,95,60,65,60,115,メロメロボディ,テクニシャン,,○,×,,陸上,,☆,第4世代
574,ゴチム,エスパー,,45,30,50,55,65,45,おみとおし,,,×,○,32,人型,,1,第4世代
575,ゴチミル,エスパー,,60,45,70,75,85,55,おみとおし,,,×,×,41,人型,,2,第4世代
576,ゴチルゼル,エスパー,,70,55,95,95,110,65,おみとおし,,,○,×,,人型,,☆,第4世代
577,ユニラン,エスパー,,45,30,40,105,50,20,ぼうじん,マジックガード,,×,○,32,不定形,,1,第4世代
578,ダブラン,エスパー,,65,40,50,125,60,30,ぼうじん,マジックガード,,×,×,41,不定形,,2,第4世代
579,ランクルス,エスパー,,110,65,75,125,85,30,ぼうじん,マジックガード,,○,×,,不定形,,☆,第4世代
580,コアルヒー,みず,ひこう,62,44,50,44,50,55,はとむね,,,×,○,35,水中1,飛行,1,第4世代
581,スワンナ,みず,ひこう,75,87,63,87,63,98,はとむね,,,○,×,,水中1,飛行,☆,第4世代
582,バニプッチ,こおり,,36,50,50,65,60,44,アイスボディ,,,×,○,35,鉱物,,1,第4世代
583,バニリッチ,こおり,,51,65,65,80,75,59,アイスボディ,,,×,×,47,鉱物,,2,第4世代
584,バイバニラ,こおり,,71,95,85,110,95,79,アイスボディ,,,○,×,,鉱物,,☆,第4世代
585,シキジカ,ノーマル,くさ,60,60,50,40,50,75,ようりょくそ,そうしょく,,×,○,34,陸上,,1,第4世代
586,メブキジカ,ノーマル,くさ,80,100,70,60,70,95,ようりょくそ,そうしょく,,○,×,,陸上,,☆,第4世代
587,エモンガ,でんき,ひこう,55,75,60,75,60,103,せいでんき,,,○,○,,陸上,,☆,第4世代
588,カブルモ,むし,,50,75,45,40,45,60,むしのしらせ,だっぴ,,×,○,チョボマキとの通信交換,虫,,1,第4世代
589,シュバルゴ,むし,はがね,70,135,105,60,105,20,むしのしらせ,シェルアーマー,,○,×,,虫,,☆,第4世代
590,タマゲタケ,くさ,どく,69,55,45,55,55,15,ほうし,,,×,○,39,植物,,1,第4世代
591,モロバレル,くさ,どく,114,85,70,85,80,30,ほうし,,,○,×,,植物,,☆,第4世代
592,プルリル,みず,ゴースト,55,40,50,65,85,40,ちょすい,のろわれボディ,,×,○,40,不定形,,1,第4世代
593,ブルンゲル,みず,ゴースト,100,60,70,85,105,60,ちょすい,のろわれボディ,,○,×,,不定形,,☆,第4世代
594,ママンボウ,みず,,165,75,80,40,45,65,うるおいボディ,いやしのこころ,,○,○,,水中1,水中2,☆,第4世代
595,バチュル,むし,でんき,50,47,50,57,50,65,ふくがん,きんちょうかん,,×,○,36,虫,,1,第4世代
596,デンチュラ,むし,でんき,70,77,60,97,60,108,ふくがん,きんちょうかん,,○,×,,虫,,☆,第4世代
597,テッシード,くさ,はがね,44,50,91,24,86,10,てつのとげ,,,×,○,40,植物,鉱物,1,第4世代
598,ナットレイ,くさ,はがね,74,94,131,54,116,20,てつのとげ,,,○,×,,植物,鉱物,☆,第4世代
599,ギアル,はがね,,40,55,70,45,60,30,プラス,マイナス,,×,○,38,鉱物,,1,第4世代
600,ギギアル,はがね,,60,80,95,70,85,50,プラス,マイナス,,×,×,49,鉱物,,2,第4世代
601,ギギギアル,はがね,,60,100,115,70,85,90,プラス,マイナス,,○,×,,鉱物,,☆,第4世代
602,シビシラス,でんき,,35,55,40,45,40,60,ふゆう,,,×,○,39,不定形,,1,第4世代
603,シビビール,でんき,,65,85,70,75,70,40,ふゆう,,,×,×,雷石,不定形,,2,第4世代
604,シビルドン,でんき,,85,115,80,105,80,50,ふゆう,,,○,×,,不定形,,☆,第4世代
605,リグレー,エスパー,,55,55,55,85,55,30,シンクロ,テレパシー,,×,○,42,人型,,1,第4世代
606,オーベム,エスパー,,75,75,75,125,95,40,シンクロ,テレパシー,,○,×,,人型,,☆,第4世代
607,ヒトモシ,ゴースト,ほのお,50,30,55,65,55,20,もらいび,ほのおのからだ,,×,○,41,不定形,,1,第4世代
608,ランプラー,ゴースト,ほのお,60,40,60,95,60,55,もらいび,ほのおのからだ,,×,×,闇石,不定形,,2,第4世代
609,シャンデラ,ゴースト,ほのお,60,55,90,145,90,80,もらいび,ほのおのからだ,,○,×,,不定形,,☆,第4世代
610,キバゴ,ドラゴン,,46,87,60,30,40,57,とうそうしん,かたやぶり,,×,○,38,怪獣,ドラゴン,1,第4世代
611,オノンド,ドラゴン,,66,117,70,40,50,67,とうそうしん,かたやぶり,,×,×,48,怪獣,ドラゴン,2,第4世代
612,オノノクス,ドラゴン,,76,147,90,60,70,97,とうそうしん,かたやぶり,,○,×,,怪獣,ドラゴン,☆,第4世代
613,クマシュン,こおり,,55,70,40,60,40,40,ゆきがくれ,,,×,○,37,陸上,,1,第4世代
614,ツンベアー,こおり,,95,110,80,70,80,50,ゆきがくれ,,,○,×,,陸上,,☆,第4世代
615,フリージオ,こおり,,70,50,30,95,135,105,ふゆう,,,○,○,,鉱物,,☆,第4世代
616,チョボマキ,むし,,50,40,85,40,65,25,シェルアーマー,うるおいボディ,,×,○,カブルモとの通信交換,虫,,1,第4世代
617,アギルダー,むし,,80,70,40,100,60,145,シェルアーマー,うるおいボディ,,○,×,,虫,,☆,第4世代
618,マッギョ,じめん,でんき,109,66,84,81,99,32,じゅうなん,せいでんき,,○,○,,水中1,不定形,☆,第4世代
619,コジョフー,かくとう,,45,85,50,55,50,65,さいせいりょく,せいしんりょく,,×,○,50,人型,,1,第4世代
620,コジョンド,かくとう,,65,125,60,95,60,105,さいせいりょく,せいしんりょく,,○,×,,人型,,☆,第4世代
621,クリムガン,ドラゴン,,77,120,90,60,90,48,さめはだ,ちからずく,,○,○,,怪獣,,☆,第4世代
622,ゴビット,じめん,ゴースト,59,74,50,35,50,35,てつのこぶし,ぶきよう,,×,○,43,鉱物,,1,第4世代
623,ゴルーグ,じめん,ゴースト,89,124,80,55,80,55,てつのこぶし,ぶきよう,,○,×,,鉱物,,☆,第4世代
624,コマタナ,あく,はがね,45,85,70,40,40,60,まけんき,せいしんりょく,,×,○,52,人型,,1,第4世代
625,キリキザン,あく,はがね,65,125,100,60,70,70,まけんき,せいしんりょく,,○,×,,人型,,☆,第4世代
626,バッフロン,ノーマル,,95,110,95,40,95,55,すてみ,そうしょく,,○,○,,陸上,,☆,第4世代
627,ワシボン,ノーマル,ひこう,70,83,50,37,50,60,するどいめ,ちからずく,,×,○,54,飛行,,1,第4世代
628,ウォーグル,ノーマル,ひこう,100,123,75,57,75,80,するどいめ,ちからずく,,○,×,,飛行,,☆,第4世代
629,バルチャイ,あく,ひこう,70,55,75,45,65,60,はとむね,ぼうじん,,×,○,54,飛行,,1,第4世代
630,バルジーナ,あく,ひこう,110,65,105,55,95,80,はとむね,ぼうじん,,○,×,,飛行,,☆,第4世代
631,クイタラン,ほのお,,85,97,66,105,66,65,くいしんぼう,もらいび,,○,○,,陸上,,☆,第4世代
632,アイアント,むし,はがね,58,109,112,48,48,109,むしのしらせ,はりきり,,○,○,,虫,,☆,第4世代
633,モノズ,あく,ドラゴン,52,65,50,45,50,38,ほりきり,,,×,○,50,ドラゴン,,1,第4世代
634,ジヘッド,あく,ドラゴン,72,85,70,65,70,58,ほりきり,,,×,×,64,ドラゴン,,2,第4世代
635,サザンドラ,あく,ドラゴン,92,105,90,125,90,98,ふゆう,,,○,×,,ドラゴン,,☆,第4世代
636,メラルバ,むし,ほのお,55,85,55,50,55,60,ほのおのからだ,,,×,○,59,虫,,1,第4世代
637,ウルガモス,むし,ほのお,85,60,65,135,105,100,ほのおのからだ,,,○,×,,虫,,☆,第4世代
638,コバルオン,はがね,かくとう,91,90,129,90,72,108,せいぎのこころ,,,○,○,,未発見,,準伝説,第4世代
639,テラキオン,いわ,かくとう,91,129,90,72,90,108,せいぎのこころ,,,○,○,,未発見,,準伝説,第4世代
640,ビリジオン,くさ,かくとう,91,90,72,90,129,108,せいぎのこころ,,,○,○,,未発見,,準伝説,第4世代
641,トルネロス,ひこう,,79,115,70,125,80,111,いたずらごころ,,,○,○,,未発見,,準伝説,第4世代
642,ボルトロス,でんき,ひこう,79,115,70,125,80,111,いたずらごころ,,,○,○,,未発見,,準伝説,第4世代
643,レシラム,ドラゴン,ほのお,100,120,100,150,120,90,ターボブレイズ,,,○,○,,未発見,,伝説・幻,第4世代
644,ゼクロム,ドラゴン,でんき,100,150,120,120,100,90,テラボルテージ,,,○,○,,未発見,,伝説・幻,第4世代
645,ランドロス,じめん,ひこう,89,125,90,115,80,101,すなのちから,,,○,○,,未発見,,準伝説,第4世代
646,キュレム,ドラゴン,こおり,125,130,90,130,90,95,プレッシャー,,,○,○,,未発見,,伝説・幻,第4世代
647,ケルディオ,みず,かくとう,91,72,90,129,90,108,せいぎのこころ,,,○,×,,未発見,,☆,第4世代
648,メロエッタ,ノーマル,エスパー,100,77,77,128,128,90,てんのめぐみ,,,○,○,,未発見,,☆,第4世代
649,ゲノセクト,むし,はがね,71,120,95,120,95,99,ダウンロード,,,○,○,,未発見,,☆,第4世代
